1-meth-fgroup,1-meth-LG_L1,1-meth-baseline
GA,0.5151515151515151,0.5454545454545454
